{"cameraMode":{"drawMode":0,"name":"Shaded","section":"Shading Mode"},"sceneLighting":true,"audioPlay":false,"sceneViewState":{"showFog":true,"showMaterialUpdate":false,"showSkybox":true,"showFlares":true,"showImageEffects":true,"showParticleSystems":true},"in2DMode":false,"pivot":{"x":143.6659698486328,"y":50.496612548828128,"z":248.05902099609376},"rotation":{"x":-0.07716469466686249,"y":-0.5010205507278442,"z":0.04490621015429497,"w":-0.860834002494812},"size":69.63655090332031,"orthographic":true}