{"cameraMode":{"drawMode":0,"name":"Shaded","section":"Shading Mode"},"sceneLighting":true,"audioPlay":false,"sceneViewState":{"showFog":true,"showMaterialUpdate":false,"showSkybox":true,"showFlares":true,"showImageEffects":true,"showParticleSystems":true},"in2DMode":false,"pivot":{"x":176.68588256835938,"y":5.274200439453125,"z":240.32290649414063},"rotation":{"x":0.27209004759788515,"y":0.6616846323013306,"z":-0.2815624475479126,"w":0.6394395232200623},"size":575.035400390625,"orthographic":false}